user_id,estaca,raza,género,educación,ingresos,zip_code,edad,how_discovered,prior_participation,communication_with_government,worked_in_planning,goal_in_playing,monedas,challenges_completed
2859,Estudiante,"Hispano, latino o español",Masculino,Escuela Secundaria o menos,sin especificar,1970,1996,"A partir de una organización (es decir, los niños y las niñas del club)",No,No hay comunicación,sin especificar,¿No han pensado en ello,30,"0,06"
3206,residente,,,,,,,,sin especificar,,sin especificar,,50,"0,1"
2746,Educador,,,,,,,,sin especificar,,sin especificar,,60,"0,12"
2902,Estudiante,Blanco,Masculino,Escuela Secundaria o menos,sin especificar,i no kno,2000,"A partir de una organización (es decir, los niños y las niñas del club)",sin especificar,sin especificar,sin especificar,Aprenda acerca de los problemas de mi comunidad,410,"0,42"
2508,"residente, estudiante",,,,,,,,sin especificar,,sin especificar,,130,"0,21"
2954,,,,,,,,,sin especificar,,sin especificar,,10,"0,02"
2927,,Blanco,Femenino,Escuela Secundaria o menos,sin especificar,3874,1998,sin especificar,sin especificar,sin especificar,sin especificar,sin especificar,200,"0,33"
2727,Estudiante,Blanco,Masculino,Escuela Secundaria o menos,sin especificar,1970,2000,sin especificar,No,No hay comunicación,No,Comparte mis ideas acerca de cómo cambiar mi comunidad,300,"0,33"
2589,Empresario,Blanco,Masculino,Algo de Universidad,$50k - $75k,1970,1974,De un amigo,No,"Sí, a través de reuniones personales",sin especificar,Comparte mis ideas acerca de cómo cambiar mi comunidad,240,"0,33"
2487,Estudiante,"Hispano, latino o español",Femenino,Escuela Secundaria o menos,$25k - $50k,1970,1998,"A partir de una organización (es decir, los niños y las niñas del club)",Sí,"Sí, a través de los medios sociales",Sí,Conéctate con quienes toman las decisiones,1280,100%
2828,Educador,Blanco,Femenino,Master,más de $ 100 mil,1945,1943,"A partir de una organización (es decir, los niños y las niñas del club)",No,No hay comunicación,Sí,Comparte mis ideas acerca de cómo cambiar mi comunidad,200,"0,33"
2934,residente,Otro,Masculino,Escuela Secundaria o menos,sin especificar,1970,1990,"A partir de una organización (es decir, los niños y las niñas del club)",Sí,"Sí, por teléfono",Sí,Conoce a otras personas en mi comunidad,240,"0,33"
3121,Estudiante,sin especificar,sin especificar,sin especificar,sin especificar,1970,1999,sin especificar,sin especificar,sin especificar,sin especificar,sin especificar,160,"0,33"
3176,Estudiante,Blanco,Masculino,sin especificar,sin especificar,1970,1998,"A partir de una organización (es decir, los niños y las niñas del club)",No,No hay comunicación,Sí,Comparte mis ideas acerca de cómo cambiar mi comunidad,30,"0,04"
3145,Estudiante,Blanco,Masculino,Escuela Secundaria o menos,sin especificar,1960,1997,sin especificar,No,No hay comunicación,No,Comparte mis ideas acerca de cómo cambiar mi comunidad,280,"0,17"
2630,,Blanco,Femenino,Doctorado,$50k - $75k,19104,1985,De un amigo,No,"Sí, a través de reuniones de la comunidad",Sí,Conéctate con quienes toman las decisiones,360,"0,42"
3139,Estudiante,,,,,,,,sin especificar,,sin especificar,,30,"0,04"
3111,Estudiante,Otro,Femenino,sin especificar,sin especificar,1970,1998,"A partir de una organización (es decir, los niños y las niñas del club)",Sí,sin especificar,Sí,¿No han pensado en ello,110,"0,04"
2928,,,,,,,,,sin especificar,,sin especificar,,120,"0,06"
2295,obrero,,Masculino,Bachillerato,,,1977,"A partir de una organización (es decir, los niños y las niñas del club)",sin especificar,"Sí, por correo electrónico",sin especificar,Aprenda acerca de los problemas de mi comunidad,950,100%
3130,Estudiante,Multirracial,sin especificar,Escuela Secundaria o menos,sin especificar,1970,1998,"A partir de una organización (es decir, los niños y las niñas del club)",Sí,"Sí, por teléfono",No,sin especificar,200,"0,15"
2956,Estudiante,,,,,,,,sin especificar,,sin especificar,,100,"0,02"
2509,Educador,Blanco,Masculino,Bachillerato,$50k - $75k,1970,1982,"A partir de una organización (es decir, los niños y las niñas del club)",No,No hay comunicación,No,Conéctate con quienes toman las decisiones,80,"0,12"
2502,,,,,,,,,sin especificar,,sin especificar,,160,"0,17"
3212,Estudiante,,,,,,,,sin especificar,,sin especificar,,50,"0,06"
2526,,,,,,,,,sin especificar,,sin especificar,,650,"0,54"
3354,Estudiante,"Hispano, latino o español",Femenino,Escuela Secundaria o menos,$75k - $100k,1970,2000,"A partir de una organización (es decir, los niños y las niñas del club)",sin especificar,No hay comunicación,No,Aprenda acerca de los problemas de mi comunidad,470,"0,33"
2507,,,,,,,,,sin especificar,,sin especificar,,200,"0,17"
3215,,,,,,,,,sin especificar,,sin especificar,,20,"0,04"
3673,Voluntario,"Hispano, latino o español",Femenino,Algo de Universidad,$50k - $75k,1970,1982,De un amigo,No,"Sí, a través de reuniones de la comunidad",sin especificar,Aprenda acerca de los problemas de mi comunidad,560,"0,33"
3447,Estudiante,Blanco,Femenino,Bachillerato,$50k - $75k,1970,1991,De un amigo,No,No hay comunicación,No,Aprenda acerca de los problemas de mi comunidad,280,"0,33"
2885,,,,,,,,,sin especificar,,sin especificar,,600,"0,31"
2821,Observador,,,,,,,,sin especificar,,sin especificar,,90,"0,21"
2914,Estudiante,,,,,,,,sin especificar,,sin especificar,,120,"0,27"
3112,Estudiante,Blanco,Femenino,sin especificar,sin especificar,1970,1998,Desde la ciudad,Sí,"Sí, por carta",Sí,Comparte mis ideas acerca de cómo cambiar mi comunidad,120,"0,27"
3005,"Comunidad Organizador o activista, trabajador",Blanco,Femenino,Master,$25k - $50k,1970,1984,"A partir de una organización (es decir, los niños y las niñas del club)",Sí,"Sí, por teléfono",Sí,Comparte mis ideas acerca de cómo cambiar mi comunidad,210,"0,33"
3194,Estudiante,Multirracial,Femenino,Escuela Secundaria o menos,sin especificar,1970,1999,sin especificar,No,sin especificar,Sí,sin especificar,80,"0,02"
2948,Educador,,,,,,,,sin especificar,,sin especificar,,120,"0,12"
2485,residente,"Hispano, latino o español",Masculino,Escuela Secundaria o menos,sin especificar,1970,1996,De un amigo,Sí,"Sí, a través de reuniones de la comunidad",Sí,Conéctate con quienes toman las decisiones,470,"0,33"
3200,Estudiante,,,,,,,,sin especificar,,sin especificar,,50,"0,1"
2961,,,,,,,,,sin especificar,,sin especificar,,20,"0,04"
2953,Estudiante,Otro,Femenino,Escuela Secundaria o menos,sin especificar,1904,1994,Desde la ciudad,No,No hay comunicación,Sí,¿No han pensado en ello,180,"0,33"
3665,Estudiante,Negro o afroamericano,Masculino,Escuela Secundaria o menos,sin especificar,19138,1997,De un amigo,No,No hay comunicación,No,Comparte mis ideas acerca de cómo cambiar mi comunidad,80,"0,08"
2539,,,,,,,,,sin especificar,,sin especificar,,190,"0,31"
2913,,,,,,,,,sin especificar,,sin especificar,,120,"0,25"
3164,"Líder Religioso, Estudiante",Multirracial,Masculino,sin especificar,$75k - $100k,1979,1995,sin especificar,Sí,"Sí, a través de reuniones personales",sin especificar,sin especificar,1120,"0,71"
2377,"Educador, trabajador",Blanco,Femenino,Master,$75k - $100k,,1979,"A partir de una organización (es decir, los niños y las niñas del club)",sin especificar,,sin especificar,Aprenda acerca de los problemas de mi comunidad,210,"0,33"
2898,"Líder Religioso, Estudiante",Multirracial,Femenino,Escuela Secundaria o menos,sin especificar,1970,2000,sin especificar,sin especificar,"Sí, por teléfono",sin especificar,Comparte mis ideas acerca de cómo cambiar mi comunidad,1470,100%
3473,Estudiante,,,,,,,,sin especificar,,sin especificar,,40,"0,04"
2541,,,,,,,,,sin especificar,,sin especificar,,110,"0,12"
2983,,,,,,,,,sin especificar,,sin especificar,,50,"0,1"
3128,,,,,,,,,sin especificar,,sin especificar,,40,"0,04"
3187,Estudiante,Blanco,Masculino,Escuela Secundaria o menos,sin especificar,1970,1998,sin especificar,sin especificar,sin especificar,sin especificar,Aprenda acerca de los problemas de mi comunidad,470,"0,23"
2970,,,,,,,,,sin especificar,,sin especificar,,10,"0,02"
2764,residente,Blanco,Masculino,Master,sin especificar,1970,1983,Desde la ciudad,Sí,"Sí, por teléfono",Sí,Comparte mis ideas acerca de cómo cambiar mi comunidad,1360,100%
2586,Estudiante,Blanco,Masculino,Escuela Secundaria o menos,más de $ 100 mil,1970,2000,"A partir de una organización (es decir, los niños y las niñas del club)",No,No hay comunicación,Sí,¿No han pensado en ello,570,"0,46"
3211,Estudiante,sin especificar,sin especificar,sin especificar,sin especificar,1970,1998,sin especificar,sin especificar,sin especificar,sin especificar,Aprenda acerca de los problemas de mi comunidad,200,"0,33"
2419,Observador,Blanco,Masculino,Master,$75k - $100k,1930,1958,De un amigo,Sí,"Sí, a través de reuniones de la comunidad",Sí,Aprenda acerca de los problemas de mi comunidad,500,"0,5"
2635,"Educador, Estudiante",Blanco,Masculino,Bachillerato,$50k - $75k,1970,1985,"A partir de una organización (es decir, los niños y las niñas del club)",No,"Sí, a través de reuniones personales",Sí,Comparte mis ideas acerca de cómo cambiar mi comunidad,910,"0,69"
3108,Estudiante,Negro o afroamericano,Masculino,Escuela Secundaria o menos,$50k - $75k,1970,1999,"A partir de una organización (es decir, los niños y las niñas del club)",Sí,"Sí, por carta",Sí,Comparte mis ideas acerca de cómo cambiar mi comunidad,60,"0,02"
3144,Estudiante,,,,,,,,sin especificar,,sin especificar,,170,"0,08"
2553,,,,,,,,,sin especificar,,sin especificar,,30,"0,06"
3202,Estudiante,,,,,,,,sin especificar,,sin especificar,,40,"0,1"
2979,,,,,,,,,sin especificar,,sin especificar,,90,"0,08"
2287,"Comunidad Organizador o activista, trabajador",Blanco,Femenino,Bachillerato,sin especificar,1970,1988,"A partir de una organización (es decir, los niños y las niñas del club)",Sí,Otro,Sí,Comparte mis ideas acerca de cómo cambiar mi comunidad,20,"0,04"
2288,Comunidad Organizador o Activista,"Hispano, latino o español",Femenino,Grado Asociado,$50k - $75k,1970,1968,"A partir de una organización (es decir, los niños y las niñas del club)",Sí,"Sí, a través de reuniones de la comunidad",Sí,Conéctate con quienes toman las decisiones,1190,100%
3171,,,,,,,,,sin especificar,,sin especificar,,20,"0,02"
2978,residente,,,,,,,,sin especificar,,sin especificar,,90,"0,1"
2319,Observador,Blanco,Masculino,Master,$50k - $75k,1944,1970,Desde la ciudad,Sí,"Sí, a través de reuniones de la comunidad",sin especificar,sin especificar,1300,100%
3116,Estudiante,,,,,,,,sin especificar,,sin especificar,,100,"0,04"
2941,Estudiante,,,,,,,,sin especificar,,sin especificar,,60,"0,12"
3034,,,,,,,,,sin especificar,,sin especificar,,20,"0,02"
2592,,Blanco,Femenino,Escuela Secundaria o menos,sin especificar,1970,2000,sin especificar,No,sin especificar,No,sin especificar,1410,100%
2456,Estudiante,"Hispano, latino o español",Femenino,Escuela Secundaria o menos,$50k - $75k,1970,1990,"A partir de una organización (es decir, los niños y las niñas del club)",Sí,No hay comunicación,Sí,Conéctate con quienes toman las decisiones,120,"0,27"
2458,,,,,,,,,sin especificar,,sin especificar,,200,"0,31"
2582,"Estudiante, trabajador",Multirracial,Masculino,Escuela Secundaria o menos,sin especificar,1970,1993,"A partir de una organización (es decir, los niños y las niñas del club)",sin especificar,"Sí, a través de reuniones personales",Sí,¿No han pensado en ello,1410,100%
2936,Estudiante,Negro o afroamericano,Femenino,Escuela Secundaria o menos,más de $ 100 mil,1902,1997,Desde la ciudad,Sí,No hay comunicación,sin especificar,¿No han pensado en ello,200,"0,33"
2559,,"Hispano, latino o español",Masculino,sin especificar,sin especificar,1907,2000,"A partir de una organización (es decir, los niños y las niñas del club)",No,sin especificar,No,¿No han pensado en ello,330,"0,29"
3360,,"Hispano, latino o español",Femenino,Escuela Secundaria o menos,$25k - $50k,1970,1996,"A partir de una organización (es decir, los niños y las niñas del club)",sin especificar,No hay comunicación,sin especificar,Aprenda acerca de los problemas de mi comunidad,470,"0,33"
3115,,,,,,,,,sin especificar,,sin especificar,,190,"0,31"
3659,,Negro o afroamericano,Masculino,Escuela Secundaria o menos,sin especificar,1951,2000,"A partir de una organización (es decir, los niños y las niñas del club)",Sí,No hay comunicación,Sí,Conoce a otras personas en mi comunidad,560,"0,33"
2932,,Multirracial,sin especificar,Doctorado,más de $ 100 mil,1970,1998,Desde la ciudad,No,No hay comunicación,No,Conéctate con quienes toman las decisiones,240,"0,33"
2584,"residente, estudiante, trabajador",Blanco,Femenino,Escuela Secundaria o menos,$50k - $75k,1970,1995,"A partir de una organización (es decir, los niños y las niñas del club)",Sí,Otro,Sí,Conéctate con quienes toman las decisiones,1590,100%
3105,Observador,Blanco,Masculino,Escuela Secundaria o menos,más de $ 100 mil,1970,1999,"A partir de una organización (es decir, los niños y las niñas del club)",Sí,No hay comunicación,Sí,¿No han pensado en ello,30,"0,02"
3192,Estudiante,Multirracial,Femenino,Escuela Secundaria o menos,sin especificar,2130,1999,sin especificar,No,No hay comunicación,Sí,¿No han pensado en ello,390,"0,02"
2969,,,,,,,,,sin especificar,,sin especificar,,120,"0,06"
2957,Estudiante,,,,,,,,sin especificar,,sin especificar,,10,"0,02"
3213,Educador,Blanco,Femenino,sin especificar,sin especificar,1902,1999,"A partir de una organización (es decir, los niños y las niñas del club)",Sí,"Sí, a través de reuniones de la comunidad",Sí,Comparte mis ideas acerca de cómo cambiar mi comunidad,20,"0,02"
3125,,,,,,,,,sin especificar,,sin especificar,,70,"0,02"
3102,Observador,Blanco,Femenino,Master,$75k - $100k,1984,1950,Desde la ciudad,Sí,"Sí, a través de reuniones de la comunidad",No,Aprenda acerca de los problemas de mi comunidad,480,"0,38"
3127,Estudiante,,,,,,,,sin especificar,,sin especificar,,10,"0,02"
2984,,Blanco,Femenino,Escuela Secundaria o menos,sin especificar,1971,2000,"A partir de una organización (es decir, los niños y las niñas del club)",sin especificar,sin especificar,sin especificar,¿No han pensado en ello,460,"0,48"
2601,Estudiante,Negro o afroamericano,Femenino,Escuela Secundaria o menos,$50k - $75k,1970,1999,"A partir de una organización (es decir, los niños y las niñas del club)",No,No hay comunicación,sin especificar,Conoce a otras personas en mi comunidad,870,100%
2950,Estudiante,Multirracial,Femenino,Escuela Secundaria o menos,$25k - $50k,1970,1996,De un amigo,No,No hay comunicación,No,¿No han pensado en ello,230,"0,33"
3365,,,,,,,,,sin especificar,,sin especificar,,370,"0,31"
3362,Estudiante,"Hispano, latino o español",Femenino,Escuela Secundaria o menos,$50k - $75k,1970,1996,"A partir de una organización (es decir, los niños y las niñas del club)",No,No hay comunicación,No,Aprenda acerca de los problemas de mi comunidad,330,"0,33"
2922,,,,,,,,,sin especificar,,sin especificar,,70,"0,12"
2662,Observador,Asiático,Femenino,Bachillerato,sin especificar,2124,1981,sin especificar,Sí,"Sí, por correo electrónico",sin especificar,Comparte mis ideas acerca de cómo cambiar mi comunidad,790,"0,54"
3135,,,,,,,,,sin especificar,,sin especificar,,20,"0,02"
3249,residente,Blanco,Femenino,Grado Asociado,$25k - $50k,1970,1977,Desde la ciudad,No,"Sí, por correo electrónico",No,Comparte mis ideas acerca de cómo cambiar mi comunidad,30,"0,04"
3218,,,,,,,,,sin especificar,,sin especificar,,10,"0,02"
3450,,Blanco,Femenino,Escuela Secundaria o menos,sin especificar,1970,1994,"A partir de una organización (es decir, los niños y las niñas del club)",No,No hay comunicación,No,¿No han pensado en ello,40,"0,04"
2569,,,,,,,,,sin especificar,,sin especificar,,30,"0,06"
2547,,,,,,,,,sin especificar,,sin especificar,,740,"0,62"
2926,,,,,,,,,sin especificar,,sin especificar,,100,"0,21"
2441,,"Hispano, latino o español",Masculino,Algo de Universidad,$50k - $75k,1970,1994,"A partir de una organización (es decir, los niños y las niñas del club)",sin especificar,Otro,sin especificar,Conoce a otras personas en mi comunidad,1130,100%
3153,,Blanco,Femenino,Escuela Secundaria o menos,$50k - $75k,1970,1995,"A partir de una organización (es decir, los niños y las niñas del club)",sin especificar,No hay comunicación,sin especificar,Comparte mis ideas acerca de cómo cambiar mi comunidad,300,"0,38"
2911,,,,,,,,,sin especificar,,sin especificar,,140,"0,15"
2698,residente,,,,,,,,sin especificar,,sin especificar,,100,"0,19"
2298,,Blanco,Masculino,Bachillerato,$75k - $100k,,1973,Desde un blog local,sin especificar,"Sí, por correo electrónico",sin especificar,Comparte mis ideas acerca de cómo cambiar mi comunidad,400,"0,38"
2690,Estudiante,,,,,,,,sin especificar,,sin especificar,,20,"0,04"
3188,Estudiante,Asiático,Masculino,Escuela Secundaria o menos,sin especificar,1970,1999,sin especificar,sin especificar,No hay comunicación,No,¿No han pensado en ello,20,"0,04"
2696,obrero,Blanco,Femenino,Bachillerato,$50k - $75k,2421,1989,"A partir de una organización (es decir, los niños y las niñas del club)",No,No hay comunicación,Sí,Comparte mis ideas acerca de cómo cambiar mi comunidad,1150,"0,67"
3180,Observador,"Hispano, latino o español",Femenino,Escuela Secundaria o menos,sin especificar,1970,2000,"A partir de una organización (es decir, los niños y las niñas del club)",No,No hay comunicación,No,sin especificar,10,"0,02"
2585,Estudiante,"Hispano, latino o español",Masculino,Escuela Secundaria o menos,sin especificar,1970,1991,De un amigo,sin especificar,sin especificar,sin especificar,Comparte mis ideas acerca de cómo cambiar mi comunidad,800,"0,67"
2560,,,,,,,,,sin especificar,,sin especificar,,210,"0,21"
2568,Estudiante,Blanco,Masculino,Escuela Secundaria o menos,sin especificar,99999,2000,Desde la ciudad,No,sin especificar,sin especificar,Conoce a otras personas en mi comunidad,190,"0,33"
2461,,,,,,,,,sin especificar,,sin especificar,,140,"0,31"
2280,,Blanco,Femenino,Bachillerato,$25k - $50k,,1989,"A partir de una organización (es decir, los niños y las niñas del club)",sin especificar,"Sí, a través de reuniones personales",sin especificar,Conéctate con quienes toman las decisiones,300,"0,35"
2633,,,,,,,,,sin especificar,,sin especificar,,20,"0,02"
3039,,,,,,,,,sin especificar,,sin especificar,,10,"0,02"
3208,Estudiante,,,,,,,,sin especificar,,sin especificar,,10,"0,02"
2479,Estudiante,"Hispano, latino o español",Femenino,Escuela Secundaria o menos,$50k - $75k,1970,1994,"A partir de una organización (es decir, los niños y las niñas del club)",No,sin especificar,No,¿No han pensado en ello,1200,"0,67"
3165,,,,,,,,,sin especificar,,sin especificar,,40,"0,02"
3229,"Comunidad Organizador o Activista, residente, Voluntario","Hispano, latino o español",Femenino,Bachillerato,sin especificar,1970,1993,"A partir de una organización (es decir, los niños y las niñas del club)",No,"Sí, por teléfono",Sí,Comparte mis ideas acerca de cómo cambiar mi comunidad,70,"0,12"
3207,Estudiante,,,,,,,,sin especificar,,sin especificar,,20,"0,02"
2623,Observador,,,,,,,,sin especificar,,sin especificar,,180,"0,17"
2946,Educador,Blanco,Femenino,Master,más de $ 100 mil,1970,1971,"A partir de una organización (es decir, los niños y las niñas del club)",No,"Sí, por carta",No,Comparte mis ideas acerca de cómo cambiar mi comunidad,140,"0,17"
2886,Estudiante,,,,,,,,sin especificar,,sin especificar,,50,"0,1"
3143,Estudiante,Blanco,Femenino,Escuela Secundaria o menos,$50k - $75k,1970,1997,"A partir de una organización (es decir, los niños y las niñas del club)",No,No hay comunicación,No,¿No han pensado en ello,40,"0,04"
2931,,,,,,,,,sin especificar,,sin especificar,,140,"0,25"
2861,Estudiante,"Hispano, latino o español",Femenino,Escuela Secundaria o menos,sin especificar,1970,1997,"A partir de una organización (es decir, los niños y las niñas del club)",No,No hay comunicación,No,Conoce a otras personas en mi comunidad,450,"0,44"
3205,,,,,,,,,sin especificar,,sin especificar,,80,"0,1"
2843,Observador,Blanco,Masculino,Bachillerato,$50k - $75k,1970,1984,De un amigo,No,No hay comunicación,No,Aprenda acerca de los problemas de mi comunidad,890,"0,67"
2549,,Multirracial,Femenino,Escuela Secundaria o menos,sin especificar,1970,2000,"A partir de una organización (es decir, los niños y las niñas del club)",Sí,sin especificar,No,Aprenda acerca de los problemas de mi comunidad,60,"0,1"
3480,Estudiante,"Hispano, latino o español",Femenino,Escuela Secundaria o menos,$50k - $75k,1970,1994,"A partir de una organización (es decir, los niños y las niñas del club)",No,No hay comunicación,No,Aprenda acerca de los problemas de mi comunidad,620,"0,33"
2937,"Empresario, organizador social o activista, educadora, residente, Observer, residente, líder religioso, estudiante, voluntario, trabajador",,,,,,,,sin especificar,,sin especificar,,140,"0,31"
2982,,,,,,,,,sin especificar,,sin especificar,,50,"0,1"
2344,Educador,Blanco,Femenino,Master,más de $ 100 mil,1970,1973,De un amigo,Sí,"Sí, a través de reuniones personales",Sí,Comparte mis ideas acerca de cómo cambiar mi comunidad,1340,100%
3364,,"Hispano, latino o español",Femenino,Escuela Secundaria o menos,sin especificar,1970,1996,"A partir de una organización (es decir, los niños y las niñas del club)",No,No hay comunicación,No,Conoce a otras personas en mi comunidad,330,"0,33"
3118,"residente, estudiante","Hispano, latino o español",Femenino,Escuela Secundaria o menos,sin especificar,1970,1999,Desde la ciudad,sin especificar,No hay comunicación,Sí,¿No han pensado en ello,20,"0,02"
2897,,,,,,,,,sin especificar,,sin especificar,,110,"0,23"
2663,,,,,,,,,sin especificar,,sin especificar,,60,"0,12"
2985,,,,,,,,,sin especificar,,sin especificar,,80,"0,06"
2529,Voluntario,Asiático,Masculino,Master,más de $ 100 mil,1915,1979,"A partir de una organización (es decir, los niños y las niñas del club)",No,sin especificar,Sí,Aprenda acerca de los problemas de mi comunidad,200,"0,33"
2955,Educador,Blanco,Femenino,Master,$50k - $75k,1945,1988,"A partir de una organización (es decir, los niños y las niñas del club)",No,No hay comunicación,sin especificar,sin especificar,230,"0,33"
2706,,,,,,,,,sin especificar,,sin especificar,,140,"0,21"
2942,,sin especificar,Masculino,Escuela Secundaria o menos,sin especificar,1970,1998,sin especificar,sin especificar,sin especificar,sin especificar,sin especificar,250,"0,33"
3427,,"Hispano, latino o español",Femenino,Escuela Secundaria o menos,sin especificar,1970,1997,"A partir de una organización (es decir, los niños y las niñas del club)",No,No hay comunicación,No,Comparte mis ideas acerca de cómo cambiar mi comunidad,300,"0,25"
2653,Empresario,,,,,,,,sin especificar,,sin especificar,,20,"0,04"
3210,Estudiante,,,,,,,,sin especificar,,sin especificar,,30,"0,06"
3477,Estudiante,Blanco,Femenino,Escuela Secundaria o menos,sin especificar,1970,1994,Desde la ciudad,sin especificar,sin especificar,sin especificar,¿No han pensado en ello,670,"0,67"
3296,Educador,Blanco,Femenino,Bachillerato,$50k - $75k,1945,1987,"A partir de una organización (es decir, los niños y las niñas del club)",Sí,"Sí, por carta",Sí,Comparte mis ideas acerca de cómo cambiar mi comunidad,20,"0,02"
2528,,,,,,,,,sin especificar,,sin especificar,,40,"0,04"
3177,Estudiante,Negro o afroamericano,Femenino,Escuela Secundaria o menos,$25k - $50k,1970,1998,"A partir de una organización (es decir, los niños y las niñas del club)",Sí,No hay comunicación,Sí,Comparte mis ideas acerca de cómo cambiar mi comunidad,190,"0,33"
2410,,Blanco,Masculino,Algo de Universidad,$50k - $75k,1970,1990,"A partir de una organización (es decir, los niños y las niñas del club)",Sí,No hay comunicación,No,Comparte mis ideas acerca de cómo cambiar mi comunidad,190,"0,33"
3366,,,,,,,,,sin especificar,,sin especificar,,270,"0,25"
2687,,sin especificar,sin especificar,sin especificar,sin especificar,1970,2000,Desde la ciudad,sin especificar,No hay comunicación,sin especificar,Comparte mis ideas acerca de cómo cambiar mi comunidad,190,"0,33"
3012,,,,,,,,,sin especificar,,sin especificar,,670,"0,48"
2576,,,,,,,,,sin especificar,,sin especificar,,170,"0,12"
2709,,Blanco,Femenino,Bachillerato,$75k - $100k,1970,1985,De un amigo,No,No hay comunicación,No,¿No han pensado en ello,710,"0,67"
2301,Observador,Blanco,Masculino,Bachillerato,más de $ 100 mil,,1983,"A partir de una organización (es decir, los niños y las niñas del club)",sin especificar,"Sí, a través de los medios sociales",sin especificar,Aprenda acerca de los problemas de mi comunidad,1530,100%
3173,Estudiante,Blanco,Masculino,Escuela Secundaria o menos,sin especificar,1970,1999,"A partir de una organización (es decir, los niños y las niñas del club)",sin especificar,sin especificar,Sí,Comparte mis ideas acerca de cómo cambiar mi comunidad,10,"0,02"
2874,,,,,,,,,sin especificar,,sin especificar,,30,"0,08"
3110,Estudiante,"Hispano, latino o español",Masculino,Escuela Secundaria o menos,sin especificar,1970,1998,"A partir de una organización (es decir, los niños y las niñas del club)",No,No hay comunicación,sin especificar,¿No han pensado en ello,30,"0,04"
2944,,Multirracial,Femenino,Escuela Secundaria o menos,sin especificar,1902,1997,sin especificar,No,sin especificar,sin especificar,sin especificar,200,"0,33"
2974,,,,,,,,,sin especificar,,sin especificar,,50,"0,1"
3203,Estudiante,,,,,,,,sin especificar,,sin especificar,,40,"0,08"
2534,residente,,,,,,,,sin especificar,,sin especificar,,30,"0,06"
3133,,,,,,,,,sin especificar,,sin especificar,,40,"0,02"
2801,obrero,,,,,,,,sin especificar,,sin especificar,,240,"0,25"
2912,,,,,,,,,sin especificar,,sin especificar,,120,"0,19"
2915,,,,,,,,,sin especificar,,sin especificar,,70,"0,17"
2627,Observador,Blanco,Femenino,Escuela Secundaria o menos,sin especificar,1970,1959,Desde la ciudad,sin especificar,sin especificar,sin especificar,sin especificar,1530,100%
3214,Estudiante,,,,,,,,sin especificar,,sin especificar,,60,"0,08"
2844,,,,,,,,,sin especificar,,sin especificar,,10,"0,02"
3363,Estudiante,sin especificar,Femenino,Escuela Secundaria o menos,sin especificar,1970,1995,"A partir de una organización (es decir, los niños y las niñas del club)",No,sin especificar,No,¿No han pensado en ello,370,"0,33"
2933,Educador,Blanco,Masculino,Master,más de $ 100 mil,1821,1977,Desde la ciudad,No,"Sí, por carta",No,Aprenda acerca de los problemas de mi comunidad,270,"0,33"
3179,Estudiante,Blanco,Femenino,Escuela Secundaria o menos,sin especificar,1902,1999,"A partir de una organización (es decir, los niños y las niñas del club)",sin especificar,sin especificar,sin especificar,Comparte mis ideas acerca de cómo cambiar mi comunidad,40,"0,06"
3146,Estudiante,,,,,,,,sin especificar,,sin especificar,,30,"0,04"
2980,,,,,,,,,sin especificar,,sin especificar,,40,"0,08"
3198,Estudiante,,,,,,,,sin especificar,,sin especificar,,60,"0,1"
2895,"Líder Religioso, Estudiante",sin especificar,sin especificar,sin especificar,sin especificar,91829322,2000,sin especificar,sin especificar,sin especificar,sin especificar,sin especificar,630,"0,67"
2471,,"Hispano, latino o español",Masculino,Escuela Secundaria o menos,sin especificar,1970,1997,"A partir de una organización (es decir, los niños y las niñas del club)",No,No hay comunicación,No,Aprenda acerca de los problemas de mi comunidad,230,"0,33"
3149,,,,,,,,,sin especificar,,sin especificar,,40,"0,06"
2695,Estudiante,,,,,,,,sin especificar,,sin especificar,,350,"0,25"
2611,Estudiante,"Hispano, latino o español",Femenino,Escuela Secundaria o menos,sin especificar,1970,2000,"A partir de una organización (es decir, los niños y las niñas del club)",sin especificar,No hay comunicación,sin especificar,Aprenda acerca de los problemas de mi comunidad,440,"0,42"
2489,,,,,,,,,sin especificar,,sin especificar,,120,"0,1"
2503,,"Hispano, latino o español",Femenino,sin especificar,sin especificar,1970,1999,"A partir de una organización (es decir, los niños y las niñas del club)",No,No hay comunicación,Sí,sin especificar,560,"0,67"
3114,,,,,,,,,sin especificar,,sin especificar,,30,"0,02"
2482,Educador,,,,,,,,sin especificar,,sin especificar,,20,"0,02"
2546,,,,,,,,,sin especificar,,sin especificar,,80,"0,17"
2951,Estudiante,Negro o afroamericano,Femenino,Escuela Secundaria o menos,$50k - $75k,1970,1996,sin especificar,sin especificar,sin especificar,sin especificar,sin especificar,240,"0,33"
3247,Comunidad Organizador o Activista,Blanco,Masculino,Bachillerato,$50k - $75k,1970,1964,Desde la ciudad,Sí,"Sí, a través de reuniones de la comunidad",Sí,Aprenda acerca de los problemas de mi comunidad,210,"0,33"
2567,Estudiante,Blanco,Masculino,Escuela Secundaria o menos,más de $ 100 mil,1970,2000,"A partir de una organización (es decir, los niños y las niñas del club)",No,"Sí, a través de reuniones de la comunidad",Sí,Comparte mis ideas acerca de cómo cambiar mi comunidad,1590,100%
2962,Estudiante,Negro o afroamericano,Femenino,Escuela Secundaria o menos,sin especificar,1970,1995,"A partir de una organización (es decir, los niños y las niñas del club)",No,No hay comunicación,No,Aprenda acerca de los problemas de mi comunidad,40,"0,08"
2495,Educador,,,,,,,,sin especificar,,sin especificar,,20,"0,02"
3699,,,,,,,,,sin especificar,,sin especificar,,20,"0,02"
3476,Estudiante,Blanco,Femenino,Escuela Secundaria o menos,sin especificar,1970,1995,"A partir de una organización (es decir, los niños y las niñas del club)",No,No hay comunicación,No,Aprenda acerca de los problemas de mi comunidad,1090,"0,67"
2908,,,,,,,,,sin especificar,,sin especificar,,230,"0,27"
2327,Comunidad Organizador o Activista,Blanco,Femenino,Bachillerato,$50k - $75k,,1969,Desde la ciudad,sin especificar,"Sí, por correo electrónico",sin especificar,Comparte mis ideas acerca de cómo cambiar mi comunidad,20,"0,04"
2345,residente,Blanco,Femenino,Bachillerato,$50k - $75k,1902,1980,Desde un blog local,No,No hay comunicación,No,Aprenda acerca de los problemas de mi comunidad,1480,100%
3294,,Blanco,Femenino,Escuela Secundaria o menos,$50k - $75k,1970,1995,De un amigo,Sí,No hay comunicación,No,Aprenda acerca de los problemas de mi comunidad,280,"0,31"
3340,"Educador, residente",sin especificar,Femenino,Master,$50k - $75k,1970,1966,Desde la ciudad,Sí,"Sí, por teléfono",Sí,Comparte mis ideas acerca de cómo cambiar mi comunidad,180,"0,19"
2935,,Blanco,Femenino,Escuela Secundaria o menos,sin especificar,1970,1993,"A partir de una organización (es decir, los niños y las niñas del club)",No,No hay comunicación,Sí,Aprenda acerca de los problemas de mi comunidad,720,"0,67"
2929,,Asiático,Masculino,Escuela Secundaria o menos,sin especificar,1970,1998,sin especificar,No,"Sí, por teléfono",No,Aprenda acerca de los problemas de mi comunidad,210,"0,33"
3129,Estudiante,,,,,,,,sin especificar,,sin especificar,,60,"0,08"
3352,Estudiante,"Hispano, latino o español",Femenino,Escuela Secundaria o menos,$50k - $75k,1970,1996,"A partir de una organización (es decir, los niños y las niñas del club)",No,No hay comunicación,No,Comparte mis ideas acerca de cómo cambiar mi comunidad,310,"0,33"
2925,Estudiante,Blanco,Femenino,Escuela Secundaria o menos,sin especificar,1960,1998,De un amigo,Sí,"Sí, por carta",Sí,¿No han pensado en ello,110,"0,25"
2303,"Comunidad Organizador o activista, trabajador",Blanco,Masculino,Doctorado,,,1980,"A partir de una organización (es decir, los niños y las niñas del club)",sin especificar,"Sí, a través de reuniones personales",sin especificar,Comparte mis ideas acerca de cómo cambiar mi comunidad,1280,100%
2578,Estudiante,,,,,,,,sin especificar,,sin especificar,,190,"0,31"
2939,Estudiante,sin especificar,sin especificar,sin especificar,sin especificar,1970,1901,sin especificar,sin especificar,sin especificar,sin especificar,sin especificar,290,"0,33"
2583,"Estudiante, trabajador",Blanco,Femenino,Escuela Secundaria o menos,$50k - $75k,1970,1993,"A partir de una organización (es decir, los niños y las niñas del club)",Sí,"Sí, a través de reuniones de la comunidad",Sí,Comparte mis ideas acerca de cómo cambiar mi comunidad,1510,100%
2563,Observador,Blanco,Femenino,Escuela Secundaria o menos,$50k - $75k,1970,1957,sin especificar,Sí,"Sí, a través de reuniones personales",Sí,Aprenda acerca de los problemas de mi comunidad,1190,100%
2554,,Blanco,Masculino,Escuela Secundaria o menos,$50k - $75k,1970,1986,De un amigo,No,No hay comunicación,No,¿No han pensado en ello,380,"0,44"
3498,,Blanco,Masculino,Bachillerato,$75k - $100k,1915,1959,Desde la ciudad,Sí,"Sí, a través de reuniones de la comunidad",Sí,Comparte mis ideas acerca de cómo cambiar mi comunidad,820,"0,67"
2981,,,,,,,,,sin especificar,,sin especificar,,40,"0,08"
3355,Estudiante,"Hispano, latino o español",Femenino,Escuela Secundaria o menos,$25k - $50k,1970,1996,"A partir de una organización (es decir, los niños y las niñas del club)",Sí,"Sí, a través de reuniones de la comunidad",Sí,Comparte mis ideas acerca de cómo cambiar mi comunidad,330,"0,31"
3003,Observador,,,,,,,,sin especificar,,sin especificar,,90,"0,19"
3204,Estudiante,"Hispano, latino o español",Femenino,sin especificar,sin especificar,1970,1999,sin especificar,sin especificar,sin especificar,sin especificar,sin especificar,40,"0,08"
3359,Estudiante,Otro,Femenino,Escuela Secundaria o menos,sin especificar,1970,1995,"A partir de una organización (es decir, los niños y las niñas del club)",Sí,No hay comunicación,No,Comparte mis ideas acerca de cómo cambiar mi comunidad,200,"0,17"
2375,Educador,Blanco,Masculino,Bachillerato,$25k - $50k,,1984,De un amigo,Sí,"Sí, por correo electrónico",No,Comparte mis ideas acerca de cómo cambiar mi comunidad,700,"0,67"
3428,,,,,,,,,sin especificar,,sin especificar,,240,"0,27"
3426,,,,,,,,,sin especificar,,sin especificar,,160,"0,21"
3169,,,,,,,,,sin especificar,,sin especificar,,120,"0,17"
2910,Observador,Blanco,Femenino,Escuela Secundaria o menos,más de $ 100 mil,1970,1999,sin especificar,sin especificar,No hay comunicación,No,¿No han pensado en ello,240,"0,33"
2958,residente,"Hispano, latino o español",Masculino,Escuela Secundaria o menos,sin especificar,1970,1995,De un amigo,No,No hay comunicación,sin especificar,Aprenda acerca de los problemas de mi comunidad,60,"0,04"
3159,,Asiático,Femenino,Escuela Secundaria o menos,sin especificar,1960,1995,sin especificar,No,sin especificar,sin especificar,sin especificar,570,"0,46"
3361,,Asiático,Femenino,Escuela Secundaria o menos,sin especificar,1970,1993,De un amigo,sin especificar,sin especificar,sin especificar,Conoce a otras personas en mi comunidad,470,"0,33"
2904,Empresario,,,,,,,,sin especificar,,sin especificar,,40,"0,04"
2986,,"Hispano, latino o español",Femenino,sin especificar,sin especificar,1970,1999,"A partir de una organización (es decir, los niños y las niñas del club)",sin especificar,No hay comunicación,sin especificar,Comparte mis ideas acerca de cómo cambiar mi comunidad,250,"0,33"
2460,,,,,,,,,sin especificar,,sin especificar,,140,"0,21"
2930,,Blanco,Masculino,Escuela Secundaria o menos,$50k - $75k,1970,1998,"A partir de una organización (es decir, los niños y las niñas del club)",sin especificar,No hay comunicación,sin especificar,Aprenda acerca de los problemas de mi comunidad,190,"0,33"
2901,,,,,,,,,sin especificar,,sin especificar,,50,"0,04"
2857,Estudiante,Asiático,Femenino,Escuela Secundaria o menos,sin especificar,1970,1995,"A partir de una organización (es decir, los niños y las niñas del club)",sin especificar,No hay comunicación,sin especificar,¿No han pensado en ello,530,"0,46"
2499,Estudiante,,,,,,,,sin especificar,,sin especificar,,130,"0,04"
3199,Estudiante,,,,,,,,sin especificar,,sin especificar,,40,"0,08"
2621,Observador,,,,,,,,sin especificar,,sin especificar,,100,"0,19"
2300,Observador,,,,,,,,sin especificar,,sin especificar,,10,"0,02"
3178,,,,,,,,,sin especificar,,sin especificar,,50,"0,06"
3482,Estudiante,"Hispano, latino o español",Femenino,Escuela Secundaria o menos,$50k - $75k,1970,1995,"A partir de una organización (es decir, los niños y las niñas del club)",No,sin especificar,sin especificar,Aprenda acerca de los problemas de mi comunidad,820,"0,67"
2977,,"Hispano, latino o español",Masculino,sin especificar,sin especificar,1970,1999,"A partir de una organización (es decir, los niños y las niñas del club)",sin especificar,No hay comunicación,sin especificar,¿No han pensado en ello,370,"0,33"
3660,,,,,,,,,sin especificar,,sin especificar,,50,"0,04"
2809,Educador,,,,,,,,sin especificar,,sin especificar,,110,"0,17"
3166,,,,,,,,,sin especificar,,sin especificar,,10,"0,02"
3350,,"Hispano, latino o español",Masculino,Escuela Secundaria o menos,sin especificar,1970,2000,"A partir de una organización (es decir, los niños y las niñas del club)",sin especificar,No hay comunicación,Sí,Aprenda acerca de los problemas de mi comunidad,290,"0,33"
2689,,"Hispano, latino o español",Femenino,Escuela Secundaria o menos,sin especificar,1970,1993,"A partir de una organización (es decir, los niños y las niñas del club)",Sí,"Sí, por correo electrónico",Sí,sin especificar,890,"0,67"
3119,,Blanco,Masculino,sin especificar,sin especificar,1902,1999,sin especificar,Sí,No hay comunicación,Sí,Conoce a otras personas en mi comunidad,10,"0,02"
2581,,"Hispano, latino o español",Femenino,Escuela Secundaria o menos,sin especificar,1970,1997,"A partir de una organización (es decir, los niños y las niñas del club)",No,"Sí, por correo electrónico",sin especificar,¿No han pensado en ello,510,"0,33"
3168,,"Hispano, latino o español",Femenino,Escuela Secundaria o menos,sin especificar,1902,1996,sin especificar,No,No hay comunicación,Sí,Aprenda acerca de los problemas de mi comunidad,10,"0,02"
3242,Estudiante,,,,,,,,sin especificar,,sin especificar,,70,"0,12"
2723,,"Hispano, latino o español",Masculino,Escuela Secundaria o menos,$50k - $75k,1970,1994,De un amigo,Sí,No hay comunicación,Sí,Conoce a otras personas en mi comunidad,390,"0,38"
2918,Estudiante,,,,,,,,sin especificar,,sin especificar,,90,"0,12"
2498,"residente, estudiante",Negro o afroamericano,Femenino,sin especificar,sin especificar,1970,1998,sin especificar,Sí,sin especificar,sin especificar,¿No han pensado en ello,20,"0,04"
2480,Observador,"Hispano, latino o español",Femenino,Escuela Secundaria o menos,$50k - $75k,1970,1995,De un amigo,No,No hay comunicación,No,sin especificar,420,"0,33"
3185,,"Hispano, latino o español",Femenino,Escuela Secundaria o menos,sin especificar,1970,1999,Desde la ciudad,Sí,"Sí, por carta",Sí,Conéctate con quienes toman las decisiones,320,"0,4"
2481,Estudiante,"Hispano, latino o español",Femenino,Escuela Secundaria o menos,$50k - $75k,1970,2000,De un amigo,No,No hay comunicación,sin especificar,Comparte mis ideas acerca de cómo cambiar mi comunidad,470,"0,33"
2862,Estudiante,"Hispano, latino o español",Masculino,Escuela Secundaria o menos,sin especificar,1970,1996,"A partir de una organización (es decir, los niños y las niñas del club)",sin especificar,No hay comunicación,sin especificar,¿No han pensado en ello,440,"0,38"
3485,Estudiante,"Hispano, latino o español",Femenino,Escuela Secundaria o menos,$50k - $75k,1902,1996,"A partir de una organización (es decir, los niños y las niñas del club)",sin especificar,No hay comunicación,sin especificar,sin especificar,320,"0,33"
2940,Estudiante,"Hispano, latino o español",Masculino,Escuela Secundaria o menos,$75k - $100k,1970,1997,Desde la ciudad,sin especificar,sin especificar,Sí,Conéctate con quienes toman las decisiones,170,"0,33"
3367,Estudiante,"Hispano, latino o español",Femenino,Algo de Universidad,sin especificar,1970,2000,"A partir de una organización (es decir, los niños y las niñas del club)",No,No hay comunicación,No,Aprenda acerca de los problemas de mi comunidad,550,"0,42"
2917,,"Hispano, latino o español",Masculino,Escuela Secundaria o menos,más de $ 100 mil,1970,2000,De un amigo,No,"Sí, por teléfono",No,Comparte mis ideas acerca de cómo cambiar mi comunidad,130,"0,33"
3351,Estudiante,"Hispano, latino o español",Femenino,Escuela Secundaria o menos,$50k - $75k,1970,1996,"A partir de una organización (es decir, los niños y las niñas del club)",No,"Sí, por correo electrónico",No,¿No han pensado en ello,210,"0,17"
3483,,"Hispano, latino o español",Masculino,Escuela Secundaria o menos,$50k - $75k,1970,1994,"A partir de una organización (es decir, los niños y las niñas del club)",No,No hay comunicación,sin especificar,Aprenda acerca de los problemas de mi comunidad,1010,"0,67"
2291,Educador,Blanco,Femenino,Master,sin especificar,1970,1952,"A partir de una organización (es decir, los niños y las niñas del club)",Sí,"Sí, a través de reuniones de la comunidad",Sí,Comparte mis ideas acerca de cómo cambiar mi comunidad,190,"0,27"
2566,Estudiante,"Hispano, latino o español",Femenino,Escuela Secundaria o menos,$50k - $75k,1970,1990,"A partir de una organización (es decir, los niños y las niñas del club)",Sí,"Sí, por correo electrónico",No,¿No han pensado en ello,70,"0,17"
3429,Observador,Blanco,Femenino,Algo de Universidad,$50k - $75k,1970,1991,"A partir de una organización (es decir, los niños y las niñas del club)",No,No hay comunicación,No,¿No han pensado en ello,200,"0,17"
3648,,Negro o afroamericano,Masculino,Escuela Secundaria o menos,sin especificar,19143,1997,sin especificar,Sí,No hay comunicación,sin especificar,¿No han pensado en ello,620,"0,33"
3448,Estudiante,,,,,,,,sin especificar,,sin especificar,,160,"0,15"
2826,Educador,Blanco,Femenino,Master,más de $ 100 mil,1905,1979,"A partir de una organización (es decir, los niños y las niñas del club)",No,"Sí, por correo electrónico",No,Comparte mis ideas acerca de cómo cambiar mi comunidad,1300,100%
2572,Empresario,Blanco,Masculino,Bachillerato,$25k - $50k,1979,1984,Desde la ciudad,Sí,"Sí, a través de reuniones de la comunidad",Sí,Conoce a otras personas en mi comunidad,760,"0,67"
3478,Estudiante,sin especificar,Femenino,Escuela Secundaria o menos,sin especificar,1970,1994,"A partir de una organización (es decir, los niños y las niñas del club)",No,No hay comunicación,No,Aprenda acerca de los problemas de mi comunidad,860,"0,67"
2580,,,,,,,,,sin especificar,,sin especificar,,210,"0,31"
2657,,Blanco,Masculino,Bachillerato,$50k - $75k,1970,1983,Desde la ciudad,No,"Sí, a través de reuniones de la comunidad",sin especificar,Comparte mis ideas acerca de cómo cambiar mi comunidad,100,"0,21"
2513,,,,,,,,,sin especificar,,sin especificar,,20,"0,04"
2938,Estudiante,Asiático,sin especificar,Escuela Secundaria o menos,$50k - $75k,1960,1901,sin especificar,sin especificar,No hay comunicación,Sí,Conéctate con quienes toman las decisiones,180,"0,33"
2368,residente,Blanco,Femenino,Master,$50k - $75k,,1976,De un amigo,sin especificar,"Sí, por correo electrónico",sin especificar,Comparte mis ideas acerca de cómo cambiar mi comunidad,770,"0,67"
3183,Estudiante,Blanco,Masculino,sin especificar,sin especificar,1970,1999,"A partir de una organización (es decir, los niños y las niñas del club)",No,No hay comunicación,Sí,¿No han pensado en ello,30,"0,02"
2853,,,,,,,,,sin especificar,,sin especificar,,140,"0,1"
2837,,,,,,,,,sin especificar,,sin especificar,,10,"0,02"
3650,,Negro o afroamericano,Masculino,Escuela Secundaria o menos,más de $ 100 mil,19121,1998,"A partir de una organización (es decir, los niños y las niñas del club)",Sí,"Sí, a través de reuniones personales",No,Comparte mis ideas acerca de cómo cambiar mi comunidad,170,"0,15"
2677,Observador,Blanco,Femenino,Master,$75k - $100k,2131,2000,"A partir de una organización (es decir, los niños y las niñas del club)",Sí,"Sí, a través de reuniones de la comunidad",Sí,Aprenda acerca de los problemas de mi comunidad,1030,"0,69"
3138,Estudiante,,,,,,,,sin especificar,,sin especificar,,10,"0,02"
3068,,,,,,,,,sin especificar,,sin especificar,,20,"0,02"
3295,Estudiante,Blanco,Masculino,Escuela Secundaria o menos,sin especificar,1970,1996,De un amigo,No,No hay comunicación,No,¿No han pensado en ello,440,"0,33"
2506,,,,,,,,,sin especificar,,sin especificar,,110,"0,23"
3246,"Comunidad Organizador o activista, educadora",Blanco,Femenino,Master,más de $ 100 mil,1852,1966,De un amigo,Sí,"Sí, a través de reuniones de la comunidad",Sí,sin especificar,630,"0,67"
3347,Observador,Blanco,Femenino,Bachillerato,$50k - $75k,70802,1985,Desde un blog local,Sí,sin especificar,sin especificar,sin especificar,60,"0,06"
2574,,,,,,,,,sin especificar,,sin especificar,,150,"0,31"
3083,,,,,,,,,sin especificar,,sin especificar,,10,"0,02"
2916,Observador,Negro o afroamericano,Femenino,Algo de Universidad,más de $ 100 mil,Yo Mama,1901,Desde la ciudad,sin especificar,"Sí, por correo electrónico",sin especificar,Conoce a otras personas en mi comunidad,670,"0,71"
3672,Estudiante,"Hispano, latino o español",Femenino,Escuela Secundaria o menos,sin especificar,1970,1993,"A partir de una organización (es decir, los niños y las niñas del club)",No,No hay comunicación,No,Conoce a otras personas en mi comunidad,620,"0,33"
2492,Estudiante,Otro,Femenino,Escuela Secundaria o menos,sin especificar,1970,1998,"A partir de una organización (es decir, los niños y las niñas del club)",No,No hay comunicación,No,Aprenda acerca de los problemas de mi comunidad,780,"0,83"
2405,,"Hispano, latino o español",Femenino,Algo de Universidad,$50k - $75k,1970,1994,"A partir de una organización (es decir, los niños y las niñas del club)",sin especificar,sin especificar,sin especificar,Aprenda acerca de los problemas de mi comunidad,200,"0,33"
2285,Observador,"Hispano, latino o español",Femenino,Bachillerato,$50k - $75k,2124,1983,"A partir de una organización (es decir, los niños y las niñas del club)",Sí,"Sí, por correo electrónico",No,Conoce a otras personas en mi comunidad,20,"0,04"
2588,Comunidad Organizador o Activista,Blanco,Masculino,Algo de Universidad,más de $ 100 mil,1970,1966,"A partir de una organización (es decir, los niños y las niñas del club)",Sí,"Sí, a través de reuniones personales",Sí,Comparte mis ideas acerca de cómo cambiar mi comunidad,30,"0,04"
3209,Estudiante,Blanco,Masculino,Escuela Secundaria o menos,más de $ 100 mil,1970,1998,"A partir de una organización (es decir, los niños y las niñas del club)",No,No hay comunicación,No,¿No han pensado en ello,60,"0,08"
3353,Estudiante,"Hispano, latino o español",Femenino,Escuela Secundaria o menos,$75k - $100k,1970,1995,"A partir de una organización (es decir, los niños y las niñas del club)",No,No hay comunicación,No,Aprenda acerca de los problemas de mi comunidad,510,"0,33"
2286,"Comunidad Organizador o activista, educadora, residente, Voluntario","Hispano, latino o español",Femenino,Master,$75k - $100k,1970,1977,"A partir de una organización (es decir, los niños y las niñas del club)",No,"Sí, a través de reuniones de la comunidad",sin especificar,Conéctate con quienes toman las decisiones,10,"0,02"
2714,Estudiante,"Hispano, latino o español",sin especificar,Título Profesional,más de $ 100 mil,1970,1990,Desde la ciudad,sin especificar,"Sí, a través de reuniones personales",sin especificar,Comparte mis ideas acerca de cómo cambiar mi comunidad,250,"0,33"
2860,Estudiante,"Hispano, latino o español",Masculino,Escuela Secundaria o menos,sin especificar,1970,1995,"A partir de una organización (es decir, los niños y las niñas del club)",sin especificar,"Sí, por teléfono",sin especificar,Conoce a otras personas en mi comunidad,400,"0,5"
2975,,,,,,,,,sin especificar,,sin especificar,,50,"0,1"
3484,Estudiante,"Hispano, latino o español",Femenino,Escuela Secundaria o menos,$25k - $50k,1970,1994,"A partir de una organización (es decir, los niños y las niñas del club)",No,No hay comunicación,No,Aprenda acerca de los problemas de mi comunidad,380,"0,33"
3481,Estudiante,"Hispano, latino o español",Femenino,Escuela Secundaria o menos,$25k - $50k,1970,1995,"A partir de una organización (es decir, los niños y las niñas del club)",No,No hay comunicación,No,Aprenda acerca de los problemas de mi comunidad,990,"0,67"
2457,"Estudiante, trabajador","Hispano, latino o español",Femenino,Escuela Secundaria o menos,$50k - $75k,1970,1992,"A partir de una organización (es decir, los niños y las niñas del club)",sin especificar,sin especificar,sin especificar,Aprenda acerca de los problemas de mi comunidad,780,"0,67"
3358,,"Hispano, latino o español",Femenino,Escuela Secundaria o menos,$50k - $75k,1970,1996,"A partir de una organización (es decir, los niños y las niñas del club)",No,No hay comunicación,No,Comparte mis ideas acerca de cómo cambiar mi comunidad,510,"0,33"
3357,,"Hispano, latino o español",Masculino,Escuela Secundaria o menos,$50k - $75k,1970,1995,De un amigo,Sí,No hay comunicación,No,Conéctate con quienes toman las decisiones,430,"0,33"
3141,Estudiante,,,,,,,,sin especificar,,sin especificar,,40,"0,06"
3356,,"Hispano, latino o español",Femenino,Escuela Secundaria o menos,$25k - $50k,1970,1997,"A partir de una organización (es decir, los niños y las niñas del club)",No,No hay comunicación,sin especificar,Conoce a otras personas en mi comunidad,470,"0,33"
3181,,Blanco,Masculino,Doctorado,más de $ 100 mil,1970,1998,Desde la ciudad,Sí,sin especificar,sin especificar,Conoce a otras personas en mi comunidad,20,"0,04"
3201,Estudiante,,,,,,,,sin especificar,,sin especificar,,50,"0,1"
2261,Observador,"Hispano, latino o español",Masculino,Título Profesional,$50k - $75k,2130,1989,De un amigo,sin especificar,"Sí, por correo electrónico",sin especificar,Conoce a otras personas en mi comunidad,20,"0,04"
3113,Estudiante,Multirracial,Femenino,Escuela Secundaria o menos,$75k - $100k,1960,1999,Desde la ciudad,Sí,"Sí, a través de reuniones de la comunidad",Sí,Comparte mis ideas acerca de cómo cambiar mi comunidad,30,"0,04"
3100,,,,,,,,,sin especificar,,sin especificar,,30,"0,06"
2976,,Blanco,Femenino,sin especificar,$75k - $100k,1970,1999,"A partir de una organización (es decir, los niños y las niñas del club)",sin especificar,"Sí, a través de los medios sociales",sin especificar,Comparte mis ideas acerca de cómo cambiar mi comunidad,1270,100%
3407,Observador,Blanco,Masculino,Bachillerato,más de $ 100 mil,1970,1979,De un amigo,sin especificar,"Sí, por correo electrónico",sin especificar,Aprenda acerca de los problemas de mi comunidad,30,"0,02"
2669,"Observador, Voluntario",Blanco,Femenino,Algo de Universidad,$50k - $75k,1970,1986,Desde un blog local,No,"Sí, a través de los medios sociales",No,Aprenda acerca de los problemas de mi comunidad,380,"0,4"
2733,Educador,Blanco,Femenino,Bachillerato,sin especificar,1970,1952,"A partir de una organización (es decir, los niños y las niñas del club)",Sí,"Sí, a través de reuniones de la comunidad",sin especificar,Aprenda acerca de los problemas de mi comunidad,200,"0,33"
2290,Comunidad Organizador o Activista,Blanco,Femenino,Bachillerato,$25k - $50k,,1986,"A partir de una organización (es decir, los niños y las niñas del club)",sin especificar,"Sí, a través de reuniones personales",sin especificar,Aprenda acerca de los problemas de mi comunidad,1190,"0,92"
2396,Comunidad Organizador o Activista,Blanco,Masculino,Master,$25k - $50k,,1953,"A partir de una organización (es decir, los niños y las niñas del club)",sin especificar,"Sí, a través de reuniones de la comunidad",sin especificar,Conoce a otras personas en mi comunidad,1460,100%
2497,Estudiante,"Hispano, latino o español",Femenino,Escuela Secundaria o menos,sin especificar,1970,2000,"A partir de una organización (es decir, los niños y las niñas del club)",No,sin especificar,No,sin especificar,140,"0,29"